{
  "project_info": {
    "project_number": "185102767534",
    "project_id": "health-care-71b04",
    "storage_bucket": "health-care-71b04.appspot.com"
  },
  "client": [
    {
      "client_info": {
        "mobilesdk_app_id": "1:185102767534:android:b3464371e902ac7166243f",
        "android_client_info": {
          "package_name": "com.app.health_care"
        }
      },
      "oauth_client": [
        {
          "client_id": "185102767534-42e39km9g73hohrctkqcgt64q1oorrq7.apps.googleusercontent.com",
          "client_type": 3
        }
      ],
      "api_key": [
        {
          "current_key": "AIzaSyAA_jA4bLBicuvBZEkdqgx5GJdYHviRLuM"
        }
      ],
      "services": {
        "appinvite_service": {
          "other_platform_oauth_client": [
            {
              "client_id": "185102767534-42e39km9g73hohrctkqcgt64q1oorrq7.apps.googleusercontent.com",
              "client_type": 3
            }
          ]
        }
      }
    }
  ],
  "configuration_version": "1"
}