[
  {
    "latitude":27.1774139 ,
    "longitude": 31.253521,
    "location": "27.1774139,31.253521",
    "address":"ميدان المجذوب، الحمراء الثانية، قسم ثان أسيوط، أسيوط" ,
    "availability": "مفتوح على مدار 24 ساعة",
    "number":"088 2333158",
    "name":"مستشفى اسيوط العام"
  },
  {
    "latitude":27.1750517 ,
    "longitude": 31.2579413,
    "location": "27.1750517,31.2579413",
    "address":"الحمراء الثانية، قسم ثان أسيوط،،, الحمراء الثانية، قسم أول أسيوط، أسيوط" ,
    "availability": "مفتوح ٩:٠٠ص–٥:٠٠م",
    "number":"لا يوجد",
    "name":"مستشفى الحميات - العيادات الخارجية"
  },
  {
    "latitude":27.1826624 ,
    "longitude": 31.2624513,
    "location": "27.1826624,31.2624513",
    "address":"الهلالي، حى شرق، مركز أسيوط، أسيوط" ,
    "availability": "مفتوح ٩:٠٠ص–٥:٠٠م",
    "number":"088 2303855",
    "name":"مستشفى الندى"
  },
  {
    "latitude":27.1826624 ,
    "longitude": 31.2624513,
    "location": "27.1826624,31.2624513",
    "address":"الهلالي، حى شرق، مركز أسيوط، أسيوط" ,
    "availability": "مفتوح ٩:٠٠ص–٥:٠٠م",
    "number":"088 2303855",
    "name":"مستشفى الندى"
  },
  {
    "latitude":27.1775804 ,
    "longitude": 31.2539548,
    "location": "27.1775804,31.2539548",
    "address":"وليو 23، الحمراء الثانية، قسم ثان أسيوط، أسيوط " ,
    "availability": "مفتوح على مدار 24 ساعة",
    "number":"088 2073013",
    "name":"مستشفى الشامله _اسيوط العام"
  },
  {
    "latitude":27.1751094 ,
    "longitude": 31.2578559,
    "location": "27.1751094,31.2578559",
    "address":"الحمراء الثانية، قسم ثان أسيوط،، قسم أول أسيوط، أسيوط" ,
    "availability": "مفتوح على مدار 24 ساعة",
    "number":"لا يوجد",
    "name":"مستشفى صحة اسيوط"
  },
  {
    "latitude":27.1791843,
    "longitude": 31.2549671,
    "location": "27.1791843,31.2549671",
    "address":"أحمد عبد الله، الحمراء الثانية، قسم ثان أسيوط،، قسم أول أسيوط، أسيوط" ,
    "availability": "مفتوح ٩:٠٠ص–٥:٠٠م",
    "number":"088 2334662",
    "name":"مستشفى الحنان"
  },
  {
    "latitude":27.187507,
    "longitude": 31.2528758,
    "location": "27.187507,31.2528758",
    "address":"الإمام علي، الحمراء الثانية، قسم ثان أسيوط، أسيوط " ,
    "availability": "مفتوح على مدار 24 ساعة",
    "number":"088 2312120",
    "name":"مستشفى العجايبى التخصصى للعظام"
  },
  {
    "latitude":27.1848523,
    "longitude":31.2361892,
    "location": "27.1848523,31.2361892",
    "address":"الوليدية القبلية، قسم ثان أسيوط، أسيوط" ,
    "availability": "مفتوح على مدار 24 ساعة",
    "number":"088 2335905",
    "name":"مستشفيات جامعة أسيوط"
  },
  {
    "latitude":27.1623325,
    "longitude":31.182492,
    "location": "27.1623325,31.182492",
    "address":"7 الهلالي، الحمراء الثانية، قسم أول أسيوط، أسيوط" ,
    "availability": "مفتوح على مدار 24 ساعة",
    "number":"088 2343970",
    "name":"مستشفى الشروق"
  },
  {
    "latitude":27.1932134,
    "longitude":31.2581934,
    "location": "27.1932134,31.2581934",
    "address":" كورنيش النيل - الثورة، قسم ثان أسيوط، أسيوط" ,
    "availability": "مفتوح على مدار 24 ساعة",
    "number":"088 2323619",
    "name":"مستشفى المبرة"
  },
  {
    "latitude":27.1788023,
    "longitude":31.2595522,
    "location": "27.1788023,31.2595522",
    "address":" محمد فريد، الحمراء الثانية، قسم ثان أسيوط، أسيوط" ,
    "availability": "مفتوح على مدار 24 ساعة",
    "number":"0127 720 9291",
    "name":"مستشفى الانسانيه"
  }
]