[
  {
    "latitude": 27.181086,
    "longitude": 31.2543769,
    "location": "27.181086,31.2543769",
    "address": "يسري راغب، الحمراء الثانية، قسم أول أسيوط، أسيوط",
    "availability": "مفتوح على مدار 24 ساعة",
    "number": "0100 084 5357",
    "name": "معمل تحاليل"
  },
  {
    "latitude": 27.1732705,
    "longitude": 31.2537135,
    "location": "27.1732705,31.2537135",
    "address": "شارع النور والامل محطه القطار خلف بنك فيصل الاسلامي، أسيوط",
    "availability": "مفتوح على مدار 24 ساعة",
    "number": "0106 431 4486",
    "name": "معمل النور للتحاليل الطبيه بأسيوط"
  },
  {
    "latitude": 27.1790489,
    "longitude": 31.2566424,
    "location": "27.1790489,31.2566424",
    "address": "4 امتداد ش يسرى راغب، حى شرق، مركز أسيوط، أسيوط",
    "availability": "مفتوح على مدار 24 ساعة",
    "number": "0109 001 1249",
    "name": "المختبر - معامل مؤمنة كامل"
  },
  {
    "latitude": 27.1800535,
    "longitude":31.2574932,
    "location": "27.1800535,31.2574932",
    "address": "11 عمر إبن عبد العزيز، الحمراء الثانية، قسم أول أسيوط، أسيوط ",
    "availability": "مفتوح على مدار 24 ساعة",
    "number": "088 2299186",
    "name": "معامل البرج"
  },
  {
    "latitude": 27.1802209,
    "longitude":31.2565107,
    "location": "27.1802209,31.2565107",
    "address": "40 امتداد ش يسري راغب، الحمراء الثانية، قسم أول أسيوط، أسيوط ",
    "availability": "مفتوح على مدار 24 ساعة",
    "number": "0120 494 2597",
    "name": "معامل الفا Alfa Labs"
  },
  {
    "latitude": 27.1796764,
    "longitude":31.2568172,
    "location": "27.1796764,31.2568172",
    "address": " حى السادات برج الأزهر أمام حلوانى قصر نابولى الدور الرابع",
    "availability": "مفتوح على مدار 24 ساعة",
    "number": "غير متوفر",
    "name": "معامل رويال لاب Royal Lab"
  },
  {
    "latitude": 27.1809211,
    "longitude":31.2480348,
    "location": "27.1809211,31.2480348",
    "address": "طريق البيسري، الشياخة السابعة، قسم ثان أسيوط،، قسم أول أسيوط",
    "availability": "مفتوح على مدار 24 ساعة",
    "number": "088 2082036",
    "name": "معامل الجامعة للتحاليل الطبية بأسيوط"
  },
  {
    "latitude": 27.1803433,
    "longitude":31.2573781,
    "location": "27.1803433,31.2573781",
    "address": "ممر أبراج المحطة، الحمراء الثانية، قسم ثان أسيوط، أسيوط",
    "availability": "مفتوح على مدار 24 ساعة",
    "number": "088 9200117",
    "name": "معامل إيميج"
  },
  {
    "latitude": 27.1841424,
    "longitude":31.2524079,
    "location": "27.1841424,31.2524079",
    "address": "الدور الثاني، برج الأسمنت، شارع يسرى راغب، حي غرب، قسم أول أسيوط، أسيوط",
    "availability": "مفتوح على مدار 24 ساعة",
    "number": "0155 669 9886",
    "name": "معامل الرحاب"
  },
  {
    "latitude": 27.1856136,
    "longitude":31.2561593,
    "location": "27.1856136,31.2561593",
    "address": "حى شرق, قسم ثان، أسيوط",
    "availability": "مفتوح على مدار 24 ساعة",
    "number": "غير متوفر",
    "name": "معامل الشمس"
  },
  {
    "latitude": 27.1856136,
    "longitude":31.2561593,
    "location": "27.1856136,31.2561593",
    "address": "حى شرق, قسم ثان، أسيوط",
    "availability": "مفتوح على مدار 24 ساعة",
    "number": "غير متوفر",
    "name": "معامل الشمس"
  },
  {
    "latitude": 27.1852643,
    "longitude":31.2558957,
    "location": "27.1852643,31.2558957",
    "address": "الجمهورية، الحمراء الثانية، قسم ثان أسيوط، أسيوط ",
    "availability": "مفتوح على مدار 24 ساعة",
    "number": "0106 446 6215",
    "name": "المختبر"
  },
  {
    "latitude": 27.1800441,
    "longitude":31.2561807,
    "location": "27.1800441,31.2561807",
    "address": "-المحطة،، إمتداد يسري راغب -المحطة، الحمراء الثانية، قسم ثان أسيوط",
    "availability": "مفتوح على مدار 24 ساعة",
    "number": "088 2349897",
    "name": "معمل رساله للتحاليل الطبيه"
  }
]