[
  {
    "latitude": 27.1701089,
    "longitude": 31.2612104,
    "location": "27.1701089,31.2612104",
    "address": "المدخل الرئيسي بجوار معرض سيراميك التلاوي المعلمين أسيوط",
    "availability": "مفتوح على مدار 24 ساعة",
    "number": "0112 059 8107",
    "name": "صيدليات د/ مجدي مهني ( صيدلية د / سامح صابر )"
  },
  {
    "latitude": 27.1661767,
    "longitude": 31.2631523,
    "location": "27.1661767,31.2631523",
    "address": "شارع النميس بجوار مكتبة نوفل ( صيدلية بيشوي صافي)",
    "availability": "مفتوح على مدار 24 ساعة",
    "number": "0120 805 7777",
    "name": "صيدليات خليل - khalil pharmacies"
  },
  {
    "latitude": 27.1812945,
    "longitude": 31.2567011,
    "location": "27.1812945,31.2567011",
    "address": "الحمراء الثانية، قسم ثان أسيوط،، قسم ثان أسيوط، أسيوط",
    "availability": "مفتوح على مدار 24 ساعة",
    "number": "0100 029 2507",
    "name": "صيدليه 19011"
  },
  {
    "latitude": 27.1706262,
    "longitude": 31.264563,
    "location": "27.1706262,31.264563",
    "address": " الطريق الدائري، شارع عباس العقاد (رقم 8) المعلمين، قسم أول أسيوط،، أسيوط",
    "availability": "مفتوح ٩:٠٠ص–٢:٠٠ص",
    "number": "0112 345 2256",
    "name": "صيدلية د/ جيهان عبد الحميد مصطفى"
  },
  {
    "latitude": 27.1649351,
    "longitude":31.254437,
    "location": "27.1649351,31.254437",
    "address": " الحمراء الثانية، قسم ثان أسيوط،، قسم أول أسيوط، أسيوط",
    "availability": "مفتوح ٩:٠٠ص–٢:٠٠ص",
    "number": "غير متوفر",
    "name": "صيدلية ايمان تقاوي"
  },
  {
    "latitude": 27.1800801,
    "longitude":31.2573851,
    "location": "27.1800801,31.2573851",
    "address": " ممر أبراج المحطة، الحمراء الثانية، قسم ثان أسيوط، أسيوط",
    "availability": "مفتوح على مدار 24 ساعة",
    "number": "0103 065 6645",
    "name": "صيدلية خالد ابن الوليد"
  },
  {
    "latitude": 27.1803241,
    "longitude":31.2575601,
    "location": "27.1803241,31.2575601",
    "address": "ش المحطة - أسفل مستشفى الحكمة, مركز أسيوط، أسيوط",
    "availability": "مفتوح على مدار 24 ساعة",
    "number": "02 25476106",
    "name": "صيدليات مصر- فرع اسيوط - المحطة"
  },
  {
    "latitude": 27.1804071,
    "longitude":31.2560114,
    "location": "27.1804071,31.2560114",
    "address": "شارع يسري راغب، الحمراء الثانية، قسم ثان أسيوط، أسيوط",
    "availability": "مفتوح ٩:٠٠ص–٢:٠٠ص",
    "number": " 088 2367070",
    "name": "صيدلية بركات"
  },
  {
    "latitude": 27.166298,
    "longitude":31.2505591,
    "location": "27.166298,31.2505591",
    "address": "أسيوط، المدابغ وجبانة المسلمين، قسم أول أسيوط،، قسم أول أسيوط، أسيوط",
    "availability": "مفتوح على مدار 24 ساعة",
    "number": "غير متوفر",
    "name": "صيدلية الهدي"
  },
  {
    "latitude": 27.176189,
    "longitude":31.2502269,
    "location": "27.176189,31.2502269",
    "address": "شارع القيسارية الرئيسي، الحمراء الثانية، قسم ثان أسيوط،، قسم أول أسيوط، أسيوط",
    "availability": "مفتوح على مدار 24 ساعة",
    "number": "055 2777261",
    "name": "صيدلية الأندلس"
  },
  {
    "latitude": 27.1788331,
    "longitude":31.2592757,
    "location": "27.1788331,31.2592757",
    "address": "شارع محمد فريد فندق الحسين امام محطه السوبر جت-ميدان المحطه, أسيوط",
    "availability": "مفتوح على مدار 24 ساعة",
    "number": "02 25476106",
    "name": "صيدليات مصر- فرع اسيوط - الحسين"
  }
]